,Date,GLD,SPY,TIP,VNQ
0,2018-12-31,121.25,249.9199981689453,109.51000213623047,74.56999969482422
1,2019-01-02,121.33000183105469,250.17999267578125,109.68000030517578,72.94999694824219
2,2019-01-03,122.43000030517578,244.2100067138672,110.31999969482422,73.45999908447266
3,2019-01-04,121.44000244140625,252.38999938964844,110.08999633789062,74.31999969482422
4,2019-01-07,121.86000061035156,254.3800048828125,110.0199966430664,75.05000305175781
5,2019-01-08,121.52999877929688,256.7699890136719,110.11000061035156,76.5999984741211
6,2019-01-09,122.30999755859375,257.9700012207031,110.23999786376953,76.48999786376953
7,2019-01-10,121.58999633789062,258.8800048828125,109.9800033569336,77.52999877929688
8,2019-01-11,121.80000305175781,258.9800109863281,110.2699966430664,77.75
9,2019-01-14,122.08999633789062,257.3999938964844,110.06999969482422,77.48999786376953
10,2019-01-15,121.87999725341797,260.3500061035156,109.97000122070312,78.2300033569336
11,2019-01-16,122.2699966430664,260.9800109863281,109.95999908447266,78.77999877929688
12,2019-01-17,122.11000061035156,262.9599914550781,109.87000274658203,79.16000366210938
13,2019-01-18,121.0199966430664,266.4599914550781,109.73999786376953,79.43000030517578
14,2019-01-22,121.44999694824219,262.8599853515625,109.80999755859375,79.19000244140625
15,2019-01-23,121.27999877929688,263.4100036621094,109.68000030517578,79.19999694824219
16,2019-01-24,121.08999633789062,263.54998779296875,109.8499984741211,79.47000122070312
17,2019-01-25,122.86000061035156,265.7799987792969,109.68000030517578,80.45999908447266
18,2019-01-28,123.29000091552734,263.760009765625,109.52999877929688,81.25
19,2019-01-29,123.9800033569336,263.4100036621094,109.8499984741211,81.88999938964844
20,2019-01-30,124.69000244140625,267.5799865722656,110.44999694824219,82.55000305175781
21,2019-01-31,124.75,269.92999267578125,111.06999969482422,83.41000366210938
22,2019-02-01,124.5,270.05999755859375,110.68000030517578,82.87999725341797
23,2019-02-04,123.95999908447266,271.9599914550781,110.45999908447266,83.5
24,2019-02-05,124.27999877929688,273.1000061035156,110.61000061035156,83.9800033569336
25,2019-02-06,123.44000244140625,272.739990234375,110.54000091552734,83.43000030517578
26,2019-02-07,123.73999786376953,270.1400146484375,110.70999908447266,84.12000274658203
27,2019-02-08,124.20999908447266,270.4700012207031,110.76000213623047,84.12000274658203
28,2019-02-11,123.5999984741211,270.6199951171875,110.52999877929688,84.3499984741211
29,2019-02-12,123.86000061035156,274.1000061035156,110.55000305175781,83.81999969482422
30,2019-02-13,123.37000274658203,274.989990234375,110.52999877929688,84.25
31,2019-02-14,124.05999755859375,274.3800048828125,110.83999633789062,84.5199966430664
32,2019-02-15,124.80000305175781,277.3699951171875,110.83999633789062,85.08999633789062
33,2019-02-19,126.69999694824219,277.8500061035156,111.0999984741211,85.06999969482422
34,2019-02-20,126.4800033569336,278.4100036621094,111.13999938964844,84.54000091552734
35,2019-02-21,125.05000305175781,277.4200134277344,110.94999694824219,84.62000274658203
36,2019-02-22,125.5,279.1400146484375,111.23999786376953,85.12000274658203
37,2019-02-25,125.37000274658203,279.5199890136719,111.16000366210938,84.44999694824219
38,2019-02-26,125.58000183105469,279.32000732421875,111.31999969482422,84.19000244140625
39,2019-02-27,124.69000244140625,279.20001220703125,111.05999755859375,83.7699966430664
40,2019-02-28,123.98999786376953,278.67999267578125,110.87999725341797,83.98999786376953
41,2019-03-01,121.87999725341797,280.4200134277344,110.66000366210938,83.7300033569336
42,2019-03-04,121.55999755859375,279.3999938964844,110.81999969482422,84.11000061035156
43,2019-03-05,121.72000122070312,279.0199890136719,110.77999877929688,84.33999633789062
44,2019-03-06,121.61000061035156,277.3299865722656,110.91000366210938,83.94999694824219
45,2019-03-07,121.51000213623047,275.010009765625,111.22000122070312,83.7699966430664
46,2019-03-08,122.83999633789062,274.4599914550781,111.31999969482422,83.86000061035156
47,2019-03-11,122.23999786376953,278.44000244140625,111.30000305175781,85.08999633789062
48,2019-03-12,122.9800033569336,279.489990234375,111.51000213623047,85.4800033569336
49,2019-03-13,123.83999633789062,281.3399963378906,111.63999938964844,85.9000015258789
50,2019-03-14,122.41000366210938,281.1600036621094,111.61000061035156,86.02999877929688
51,2019-03-15,122.97000122070312,281.30999755859375,112.0,85.76000213623047
52,2019-03-18,123.04000091552734,282.3299865722656,111.98999786376953,85.33000183105469
53,2019-03-19,123.37999725341797,282.3999938964844,111.88999938964844,85.06999969482422
54,2019-03-20,124.18000030517578,281.54998779296875,112.62999725341797,85.33000183105469
55,2019-03-21,123.68000030517578,284.7300109863281,112.62000274658203,86.8499984741211
56,2019-03-22,123.97000122070312,279.25,112.95999908447266,86.22000122070312
57,2019-03-25,124.91999816894531,279.0400085449219,112.93000030517578,86.33000183105469
58,2019-03-26,124.30000305175781,281.1199951171875,112.7300033569336,87.0199966430664
59,2019-03-27,123.6500015258789,279.6499938964844,112.77999877929688,86.7699966430664
60,2019-03-28,121.9000015258789,280.7099914550781,112.87000274658203,86.98999786376953
61,2019-03-29,122.01000213623047,282.4800109863281,113.06999969482422,86.91000366210938
62,2019-04-01,121.52999877929688,285.8299865722656,112.6500015258789,86.86000061035156
63,2019-04-02,121.9800033569336,285.9700012207031,112.76000213623047,87.47000122070312
64,2019-04-03,121.80000305175781,286.4200134277344,112.41000366210938,87.37000274658203
65,2019-04-04,122.11000061035156,287.17999267578125,112.48999786376953,87.2300033569336
66,2019-04-05,121.9800033569336,288.57000732421875,112.62000274658203,87.83999633789062
67,2019-04-08,122.51000213623047,288.7900085449219,112.51000213623047,87.3499984741211
68,2019-04-09,123.1500015258789,287.30999755859375,112.62000274658203,86.88999938964844
69,2019-04-10,123.52999877929688,288.2900085449219,113.02999877929688,87.69000244140625
70,2019-04-11,121.94999694824219,288.2099914550781,112.7699966430664,87.62999725341797
71,2019-04-12,121.83000183105469,290.1600036621094,112.55999755859375,88.05000305175781
72,2019-04-15,121.5999984741211,289.9700012207031,112.62000274658203,87.5999984741211
73,2019-04-16,120.51000213623047,290.1600036621094,112.36000061035156,85.62000274658203
74,2019-04-17,120.27999877929688,289.45001220703125,112.33999633789062,84.83999633789062
75,2019-04-18,120.37000274658203,290.0199890136719,112.66000366210938,85.48999786376953
76,2019-04-22,120.37000274658203,290.2699890136719,112.55000305175781,84.55000305175781
77,2019-04-23,120.12000274658203,292.8800048828125,112.80999755859375,85.66999816894531
78,2019-04-24,120.47000122070312,292.2300109863281,113.19999694824219,86.30000305175781
79,2019-04-25,120.56999969482422,292.04998779296875,113.19999694824219,86.12000274658203
80,2019-04-26,121.37000274658203,293.4100036621094,113.44999694824219,86.80000305175781
81,2019-04-29,120.83000183105469,293.8699951171875,113.12999725341797,85.94999694824219
82,2019-04-30,121.19999694824219,294.0199890136719,113.31999969482422,86.7699966430664
83,2019-05-01,120.4000015258789,291.80999755859375,113.04000091552734,86.83999633789062
84,2019-05-02,119.94000244140625,291.17999267578125,112.58000183105469,86.93000030517578
85,2019-05-03,120.6500015258789,294.0299987792969,112.88999938964844,87.66999816894531
86,2019-05-06,120.80999755859375,292.82000732421875,113.05999755859375,87.38999938964844
87,2019-05-07,121.20999908447266,287.92999267578125,113.12000274658203,85.80999755859375
88,2019-05-08,120.91000366210938,287.5299987792969,112.83000183105469,85.72000122070312
89,2019-05-09,121.19999694824219,286.6600036621094,113.0199966430664,85.94000244140625
90,2019-05-10,121.43000030517578,288.1000061035156,113.2699966430664,86.86000061035156
91,2019-05-13,122.66999816894531,280.8599853515625,113.51000213623047,86.7699966430664
92,2019-05-14,122.45999908447266,283.3999938964844,113.58999633789062,87.08999633789062
93,2019-05-15,122.38999938964844,285.05999755859375,113.81999969482422,87.68000030517578
94,2019-05-16,121.51000213623047,287.70001220703125,113.63999938964844,88.02999877929688
95,2019-05-17,120.6500015258789,285.8399963378906,113.52999877929688,87.86000061035156
96,2019-05-20,120.63999938964844,283.95001220703125,113.37999725341797,86.58999633789062
97,2019-05-21,120.36000061035156,286.510009765625,113.44000244140625,87.33000183105469
98,2019-05-22,120.23999786376953,285.6300048828125,113.4800033569336,87.58999633789062
99,2019-05-23,121.16999816894531,282.1400146484375,113.72000122070312,87.79000091552734
100,2019-05-24,121.30000305175781,282.7799987792969,113.91000366210938,88.05999755859375
101,2019-05-28,120.83000183105469,280.1499938964844,113.97000122070312,87.19000244140625
102,2019-05-29,120.87000274658203,278.2699890136719,114.16999816894531,86.02999877929688
103,2019-05-30,121.69000244140625,279.0299987792969,114.55000305175781,86.38999938964844
104,2019-05-31,123.33000183105469,275.2699890136719,115.2699966430664,86.88999938964844
105,2019-06-03,125.11000061035156,274.57000732421875,114.94000244140625,87.0999984741211
106,2019-06-04,125.1500015258789,280.5299987792969,114.70999908447266,86.70999908447266
107,2019-06-05,125.47000122070312,282.9599914550781,114.77999877929688,88.5199966430664
108,2019-06-06,125.87999725341797,284.79998779296875,114.70999908447266,88.69000244140625
109,2019-06-07,126.58999633789062,287.6499938964844,115.12999725341797,89.0199966430664
110,2019-06-10,125.33000183105469,288.9700012207031,114.51000213623047,88.7300033569336
111,2019-06-11,125.18000030517578,288.8999938964844,114.36000061035156,88.97000122070312
112,2019-06-12,125.83000183105469,288.3900146484375,114.41999816894531,89.2699966430664
113,2019-06-13,126.5999984741211,289.5799865722656,114.45999908447266,89.6500015258789
114,2019-06-14,126.55999755859375,289.260009765625,114.27999877929688,89.69999694824219
115,2019-06-17,126.4800033569336,289.3699951171875,114.05999755859375,90.66000366210938
116,2019-06-18,127.12000274658203,292.3999938964844,114.52999877929688,90.56999969482422
117,2019-06-19,127.88999938964844,293.05999755859375,115.19000244140625,91.05999755859375
118,2019-06-20,131.11000061035156,295.8599853515625,115.83999633789062,91.5199966430664
119,2019-06-21,131.97999572753906,294.0,115.31999969482422,90.2300033569336
120,2019-06-24,133.94000244140625,293.6400146484375,115.54000091552734,89.91999816894531
121,2019-06-25,134.1999969482422,290.760009765625,115.33999633789062,88.58999633789062
122,2019-06-26,132.97000122070312,290.4700012207031,115.2300033569336,86.81999969482422
123,2019-06-27,132.83999633789062,291.5,115.44999694824219,87.0999984741211
124,2019-06-28,133.1999969482422,293.0,115.48999786376953,87.4000015258789
125,2019-07-01,130.6199951171875,295.6600036621094,114.63999938964844,87.36000061035156
126,2019-07-02,133.41000366210938,296.42999267578125,114.69999694824219,88.87999725341797
127,2019-07-03,133.6300048828125,298.79998779296875,115.0,89.94000244140625
128,2019-07-05,132.13999938964844,298.4599914550781,114.6500015258789,89.62000274658203
129,2019-07-08,131.2899932861328,296.82000732421875,114.66999816894531,89.94000244140625
130,2019-07-09,131.75,297.19000244140625,114.79000091552734,90.23999786376953
131,2019-07-10,133.8300018310547,298.6099853515625,114.98999786376953,90.76000213623047
132,2019-07-11,132.6999969482422,299.30999755859375,114.62999725341797,89.58000183105469
133,2019-07-12,133.52999877929688,300.6499938964844,114.83000183105469,89.45999908447266
134,2019-07-15,133.52999877929688,300.75,115.12000274658203,89.38999938964844
135,2019-07-16,132.39999389648438,299.7799987792969,114.93000030517578,89.18000030517578
136,2019-07-17,134.5800018310547,297.739990234375,115.16999816894531,88.87999725341797
137,2019-07-18,136.47999572753906,298.8299865722656,115.41000366210938,88.87999725341797
138,2019-07-19,134.47000122070312,297.1700134277344,115.2300033569336,87.43000030517578
139,2019-07-22,134.4499969482422,297.8999938964844,115.26000213623047,87.3499984741211
140,2019-07-23,133.69000244140625,300.0299987792969,115.2300033569336,88.33999633789062
141,2019-07-24,134.3699951171875,301.44000244140625,115.26000213623047,88.41000366210938
142,2019-07-25,133.4199981689453,300.0,115.06999969482422,87.88999938964844
143,2019-07-26,133.63999938964844,302.010009765625,114.98999786376953,88.29000091552734
144,2019-07-29,134.52999877929688,301.4599914550781,114.88999938964844,88.52999877929688
145,2019-07-30,134.97999572753906,300.7200012207031,115.05999755859375,89.23999786376953
146,2019-07-31,133.2100067138672,297.42999267578125,115.23999786376953,88.88999938964844
147,2019-08-01,136.41000366210938,294.8399963378906,115.38999938964844,88.88999938964844
148,2019-08-02,135.88999938964844,292.6199951171875,115.47000122070312,89.31999969482422
149,2019-08-05,137.7899932861328,283.82000732421875,115.87000274658203,87.55999755859375
150,2019-08-06,138.91000366210938,287.79998779296875,116.30000305175781,88.52999877929688
151,2019-08-07,141.02000427246094,287.9700012207031,116.36000061035156,89.38999938964844
152,2019-08-08,141.72999572753906,293.6199951171875,116.66000366210938,90.95999908447266
153,2019-08-09,141.25999450683594,291.6199951171875,116.54000091552734,90.8499984741211
154,2019-08-12,142.6300048828125,288.07000732421875,117.01000213623047,90.61000061035156
155,2019-08-13,141.77999877929688,292.54998779296875,116.81999969482422,90.73999786376953
156,2019-08-14,142.75,283.8999938964844,117.04000091552734,89.36000061035156
157,2019-08-15,143.6999969482422,284.6499938964844,117.55999755859375,90.25
158,2019-08-16,142.77999877929688,288.8500061035156,117.22000122070312,91.18000030517578
159,2019-08-19,141.11000061035156,292.3299865722656,116.77999877929688,91.83999633789062
160,2019-08-20,142.2100067138672,290.0899963378906,116.93000030517578,91.19000244140625
161,2019-08-21,141.75999450683594,292.45001220703125,116.80999755859375,91.56999969482422
162,2019-08-22,141.39999389648438,292.3599853515625,116.70999908447266,91.98999786376953
163,2019-08-23,144.1699981689453,284.8500061035156,117.37999725341797,90.69999694824219
164,2019-08-26,144.19000244140625,288.0,117.25,91.4000015258789
165,2019-08-27,145.57000732421875,286.8699951171875,117.80000305175781,91.13999938964844
166,2019-08-28,145.16000366210938,288.8900146484375,118.02999877929688,91.44000244140625
167,2019-08-29,144.1199951171875,292.5799865722656,118.0999984741211,92.1500015258789
168,2019-08-30,143.75,292.45001220703125,117.6500015258789,92.22000122070312
169,2019-09-03,145.75,290.739990234375,117.44999694824219,93.13999938964844
170,2019-09-04,146.66000366210938,294.0400085449219,117.73999786376953,93.91999816894531
171,2019-09-05,143.13999938964844,297.82000732421875,117.20999908447266,93.23999786376953
172,2019-09-06,141.9199981689453,298.04998779296875,117.30999755859375,93.44999694824219
173,2019-09-09,141.38999938964844,298.20001220703125,116.70999908447266,93.0
174,2019-09-10,140.17999267578125,298.1300048828125,116.04000091552734,92.04000091552734
175,2019-09-11,141.02999877929688,300.25,115.91000366210938,92.13999938964844
176,2019-09-12,141.32000732421875,301.2900085449219,115.81999969482422,92.62999725341797
177,2019-09-13,140.14999389648438,301.0899963378906,115.13999938964844,91.63999938964844
178,2019-09-16,141.32000732421875,300.1600036621094,115.83000183105469,92.44000244140625
179,2019-09-17,141.60000610351562,300.9200134277344,115.9800033569336,93.44000244140625
180,2019-09-18,140.7100067138672,301.1000061035156,115.62000274658203,93.12000274658203
181,2019-09-19,141.27999877929688,301.0799865722656,115.8499984741211,93.44999694824219
182,2019-09-20,142.9499969482422,298.2799987792969,116.48999786376953,93.44999694824219
183,2019-09-23,143.75,298.2099914550781,116.6500015258789,93.5999984741211
184,2019-09-24,144.50999450683594,295.8699951171875,116.91000366210938,92.6500015258789
185,2019-09-25,141.8300018310547,297.6199951171875,116.30000305175781,92.83000183105469
186,2019-09-26,141.7899932861328,297.0,116.37000274658203,93.61000061035156
187,2019-09-27,141.05999755859375,295.3999938964844,116.19000244140625,93.08999633789062
188,2019-09-30,138.8699951171875,296.7699890136719,116.29000091552734,93.25
189,2019-10-01,139.6300048828125,293.239990234375,116.31999969482422,92.37000274658203
190,2019-10-02,141.25999450683594,288.05999755859375,116.31999969482422,91.9800033569336
191,2019-10-03,141.89999389648438,290.4200134277344,116.69000244140625,92.87000274658203
192,2019-10-04,141.89999389648438,294.3500061035156,117.05000305175781,93.43000030517578
193,2019-10-07,140.69000244140625,293.0799865722656,116.7300033569336,93.2300033569336
194,2019-10-08,141.9199981689453,288.5299987792969,116.62000274658203,92.73999786376953
195,2019-10-09,142.0500030517578,291.2699890136719,116.37999725341797,92.91999816894531
196,2019-10-10,140.80999755859375,293.239990234375,116.01000213623047,93.06999969482422
197,2019-10-11,140.02999877929688,296.2799987792969,115.6500015258789,93.02999877929688
198,2019-10-14,140.58999633789062,295.95001220703125,115.83999633789062,93.06999969482422
199,2019-10-15,139.61000061035156,298.8800048828125,115.44999694824219,93.19000244140625
200,2019-10-16,140.41000366210938,298.3999938964844,115.62999725341797,93.19999694824219
201,2019-10-17,140.61000061035156,299.2799987792969,115.79000091552734,93.80999755859375
202,2019-10-18,140.4600067138672,297.9700012207031,115.97000122070312,94.52999877929688
203,2019-10-21,139.7899932861328,299.989990234375,115.5999984741211,95.25
204,2019-10-22,140.1999969482422,299.010009765625,115.94999694824219,94.97000122070312
205,2019-10-23,140.52999877929688,299.8800048828125,116.02999877929688,95.18000030517578
206,2019-10-24,141.52999877929688,300.3699951171875,116.0999984741211,94.94000244140625
207,2019-10-25,141.86000061035156,301.6000061035156,116.12000274658203,94.12999725341797
208,2019-10-28,140.63999938964844,303.29998779296875,115.55999755859375,93.55999755859375
209,2019-10-29,140.25,303.2099914550781,115.2699966430664,94.12999725341797
210,2019-10-30,141.02000427246094,304.1400146484375,115.69999694824219,94.47000122070312
211,2019-10-31,142.42999267578125,303.3299865722656,116.05999755859375,94.30000305175781
212,2019-11-01,142.55999755859375,306.1400146484375,116.20999908447266,94.27999877929688
213,2019-11-04,142.14999389648438,307.3699951171875,116.12999725341797,93.62000274658203
214,2019-11-05,139.85000610351562,307.0299987792969,115.91000366210938,92.02999877929688
215,2019-11-06,140.4499969482422,307.1000061035156,116.27999877929688,92.2300033569336
216,2019-11-07,138.27000427246094,308.17999267578125,115.62999725341797,91.30999755859375
217,2019-11-08,137.38999938964844,308.94000244140625,115.55999755859375,91.08999633789062
218,2019-11-11,137.05999755859375,308.3500061035156,115.62000274658203,91.29000091552734
219,2019-11-12,137.42999267578125,309.0,115.5999984741211,90.5999984741211
220,2019-11-13,137.97999572753906,309.1000061035156,115.69999694824219,91.43000030517578
221,2019-11-14,138.55999755859375,309.54998779296875,115.97000122070312,92.13999938964844
222,2019-11-15,138.2100067138672,311.7900085449219,115.83000183105469,92.63999938964844
223,2019-11-18,138.6199951171875,312.0199890136719,116.05999755859375,93.08999633789062
224,2019-11-19,138.69000244140625,311.92999267578125,116.2699966430664,93.25
225,2019-11-20,138.75999450683594,310.7699890136719,116.72000122070312,93.19999694824219
226,2019-11-21,138.0,310.2699890136719,116.45999908447266,91.88999938964844
227,2019-11-22,137.74000549316406,310.9599914550781,116.5,91.55000305175781
228,2019-11-25,137.0800018310547,313.3699951171875,116.62999725341797,91.83999633789062
229,2019-11-26,137.74000549316406,314.0799865722656,116.87999725341797,93.05999755859375
230,2019-11-27,137.00999450683594,315.4800109863281,116.6500015258789,93.5
231,2019-11-29,137.86000061035156,314.30999755859375,116.37999725341797,93.06999969482422
232,2019-12-02,137.7899932861328,311.6400146484375,116.11000061035156,91.66000366210938
233,2019-12-03,139.11000061035156,309.54998779296875,116.83000183105469,92.25
234,2019-12-04,138.9199981689453,311.4599914550781,116.75,92.62999725341797
235,2019-12-05,139.0,312.0199890136719,116.58000183105469,92.68000030517578
236,2019-12-06,137.6199951171875,314.8699951171875,116.5,92.87000274658203
237,2019-12-09,137.5800018310547,313.8800048828125,116.52999877929688,93.05000305175781
238,2019-12-10,137.97000122070312,313.5299987792969,116.5,92.51000213623047
239,2019-12-11,138.9199981689453,314.4200134277344,116.91000366210938,91.56999969482422
240,2019-12-12,138.42999267578125,317.1300048828125,116.33999633789062,90.33000183105469
241,2019-12-13,139.0500030517578,317.32000732421875,116.80999755859375,90.3499984741211
242,2019-12-16,139.0399932861328,319.5,116.54000091552734,91.0
243,2019-12-17,139.00999450683594,319.57000732421875,116.69999694824219,90.13999938964844
244,2019-12-18,139.02000427246094,319.5899963378906,116.56999969482422,90.2699966430664
245,2019-12-19,139.3800048828125,320.8999938964844,116.6500015258789,91.06999969482422
246,2019-12-20,139.52000427246094,320.7300109863281,116.58999633789062,91.56999969482422
247,2019-12-23,139.9499969482422,321.2200012207031,116.38999938964844,91.11000061035156
248,2019-12-24,141.27000427246094,321.2300109863281,116.52999877929688,91.3499984741211
249,2019-12-26,142.3800048828125,322.94000244140625,116.61000061035156,91.75
250,2019-12-27,142.3300018310547,322.8599853515625,116.6500015258789,92.04000091552734
251,2019-12-30,142.6300048828125,321.0799865722656,116.69000244140625,92.12999725341797
252,2019-12-31,142.89999389648438,321.8599853515625,116.56999969482422,92.79000091552734
253,2020-01-02,143.9499969482422,324.8699951171875,117.13999938964844,91.69999694824219
254,2020-01-03,145.86000061035156,322.4100036621094,117.68000030517578,92.2699966430664
255,2020-01-06,147.38999938964844,323.6400146484375,117.37999725341797,92.37999725341797
256,2020-01-07,147.97000122070312,322.7300109863281,117.0199966430664,91.3499984741211
257,2020-01-08,146.86000061035156,324.45001220703125,116.91000366210938,91.62999725341797
258,2020-01-09,146.02999877929688,326.6499938964844,116.9000015258789,91.58000183105469
259,2020-01-10,146.91000366210938,325.7099914550781,117.25,92.27999877929688
260,2020-01-13,145.82000732421875,327.95001220703125,117.2300033569336,93.38999938964844
261,2020-01-14,145.69000244140625,327.45001220703125,117.38999938964844,93.04000091552734
262,2020-01-15,146.5399932861328,328.19000244140625,117.4800033569336,93.87999725341797
263,2020-01-16,146.30999755859375,330.9200134277344,117.29000091552734,94.62999725341797
264,2020-01-17,146.5800018310547,331.95001220703125,117.0999984741211,94.72000122070312
265,2020-01-21,146.74000549316406,331.29998779296875,117.4800033569336,95.62000274658203
266,2020-01-22,146.7899932861328,331.3399963378906,117.4000015258789,94.9800033569336
267,2020-01-23,147.1199951171875,331.7200012207031,117.63999938964844,95.77999877929688
268,2020-01-24,147.97999572753906,328.7699890136719,117.9000015258789,95.44999694824219
269,2020-01-27,148.99000549316406,323.5,118.16999816894531,94.98999786376953
270,2020-01-28,147.66000366210938,326.8900146484375,117.98999786376953,95.37000274658203
271,2020-01-29,148.4600067138672,326.6199951171875,118.41999816894531,95.0199966430664
272,2020-01-30,148.47000122070312,327.67999267578125,118.55000305175781,95.08999633789062
273,2020-01-31,149.3300018310547,321.7300109863281,119.05999755859375,93.93000030517578
274,2020-02-03,148.36000061035156,324.1199951171875,118.6500015258789,94.23999786376953
275,2020-02-04,146.42999267578125,329.05999755859375,118.13999938964844,95.20999908447266
276,2020-02-05,146.61000061035156,332.8599853515625,117.79000091552734,95.2699966430664
277,2020-02-06,147.39999389648438,333.9800109863281,118.01000213623047,95.58999633789062
278,2020-02-07,147.7899932861328,332.20001220703125,118.48999786376953,95.56999969482422
279,2020-02-10,148.1699981689453,334.67999267578125,118.66999816894531,96.63999938964844
280,2020-02-11,147.66000366210938,335.260009765625,118.31999969482422,97.37000274658203
281,2020-02-12,147.5399932861328,337.4200134277344,118.19999694824219,97.94999694824219
282,2020-02-13,148.3800048828125,337.05999755859375,118.44999694824219,98.54000091552734
283,2020-02-14,149.0,337.6000061035156,118.54000091552734,99.55999755859375
284,2020-02-18,150.91000366210938,336.7300109863281,118.80000305175781,99.44999694824219
285,2020-02-19,151.7899932861328,338.3399963378906,118.75,98.11000061035156
286,2020-02-20,152.41000366210938,336.95001220703125,118.9800033569336,99.27999877929688
287,2020-02-21,154.6999969482422,333.4800109863281,119.19999694824219,99.56999969482422
288,2020-02-24,156.08999633789062,322.4200134277344,119.75,98.20999908447266
289,2020-02-25,153.3000030517578,312.6499938964844,119.55000305175781,95.55000305175781
290,2020-02-26,153.97000122070312,311.5,119.48999786376953,94.5199966430664
291,2020-02-27,154.0,297.510009765625,119.83999633789062,89.48999786376953
292,2020-02-28,148.3800048828125,296.260009765625,120.02999877929688,87.33000183105469
293,2020-03-02,149.1999969482422,309.0899963378906,120.30999755859375,91.05999755859375
294,2020-03-03,153.88999938964844,300.239990234375,121.52999877929688,90.8499984741211
295,2020-03-04,154.16000366210938,312.8599853515625,121.3499984741211,94.27999877929688
296,2020-03-05,157.49000549316406,302.4599914550781,121.7300033569336,92.26000213623047
297,2020-03-06,157.5500030517578,297.4599914550781,122.54000091552734,90.66999816894531
298,2020-03-09,157.80999755859375,274.2300109863281,120.0199966430664,83.68000030517578
299,2020-03-10,154.47999572753906,288.4200134277344,116.58000183105469,86.54000091552734
300,2020-03-11,153.92999267578125,274.3599853515625,113.94000244140625,81.33999633789062
301,2020-03-12,147.7899932861328,248.11000061035156,113.66999816894531,73.0999984741211
302,2020-03-13,143.27999877929688,269.32000732421875,114.12000274658203,79.4800033569336
303,2020-03-16,141.63999938964844,239.85000610351562,113.33000183105469,65.38999938964844
304,2020-03-17,143.55999755859375,252.8000030517578,110.16000366210938,69.16999816894531
305,2020-03-18,140.6999969482422,240.0,108.80999755859375,62.59000015258789
306,2020-03-19,138.0399932861328,240.50999450683594,110.91999816894531,62.810001373291016
307,2020-03-20,140.11000061035156,228.8000030517578,115.86000061035156,59.68000030517578
308,2020-03-23,146.3000030517578,222.9499969482422,118.04000091552734,56.90999984741211
309,2020-03-24,153.39999389648438,243.14999389648438,118.11000061035156,62.029998779296875
310,2020-03-25,151.3000030517578,246.7899932861328,119.25,65.37000274658203
311,2020-03-26,153.24000549316406,261.20001220703125,119.86000061035156,69.9800033569336
312,2020-03-27,152.25,253.4199981689453,120.25,70.05000305175781
313,2020-03-30,152.9199981689453,261.6499938964844,118.33999633789062,71.58000183105469
314,2020-03-31,148.0500030517578,257.75,117.91999816894531,69.8499984741211
315,2020-04-01,149.4499969482422,246.14999389648438,118.45999908447266,65.26000213623047
316,2020-04-02,151.89999389648438,251.8300018310547,120.2699966430664,65.4800033569336
317,2020-04-03,152.64999389648438,248.19000244140625,121.33000183105469,64.52999877929688
318,2020-04-06,156.8800048828125,264.8599853515625,121.25,69.30999755859375
319,2020-04-07,156.0399932861328,265.1300048828125,121.16999816894531,69.94999694824219
320,2020-04-08,154.64999389648438,274.0299987792969,120.33999633789062,74.72000122070312
321,2020-04-09,158.69000244140625,278.20001220703125,121.52999877929688,78.91000366210938
322,2020-04-13,161.41000366210938,275.6600036621094,121.75,75.58999633789062
323,2020-04-14,162.67999267578125,283.7900085449219,122.11000061035156,77.70999908447266
324,2020-04-15,161.85000610351562,277.760009765625,122.23999786376953,74.62999725341797
325,2020-04-16,161.7100067138672,279.1000061035156,121.18000030517578,73.77999877929688
326,2020-04-17,158.57000732421875,286.6400146484375,120.5999984741211,76.11000061035156
327,2020-04-20,159.6999969482422,281.5899963378906,120.2300033569336,73.27999877929688
328,2020-04-21,158.61000061035156,273.0400085449219,120.83999633789062,71.94999694824219
329,2020-04-22,161.72999572753906,279.1000061035156,121.56999969482422,73.05000305175781
330,2020-04-23,163.33999633789062,279.0799865722656,121.5,72.44000244140625
331,2020-04-24,162.63999938964844,282.9700012207031,122.19000244140625,72.75
332,2020-04-27,161.55999755859375,287.04998779296875,121.94999694824219,75.23999786376953
333,2020-04-28,160.83999633789062,285.7300109863281,122.37000274658203,75.86000061035156
334,2020-04-29,161.72999572753906,293.2099914550781,122.22000122070312,77.0
335,2020-04-30,158.8000030517578,290.4800109863281,121.30999755859375,76.11000061035156
336,2020-05-01,159.77999877929688,282.7900085449219,121.01000213623047,73.54000091552734
337,2020-05-04,160.33999633789062,283.57000732421875,121.12999725341797,73.18000030517578
338,2020-05-05,161.02000427246094,286.19000244140625,121.2699966430664,73.54000091552734
339,2020-05-06,158.9499969482422,284.25,120.68000030517578,72.22000122070312
340,2020-05-07,161.38999938964844,287.67999267578125,121.44000244140625,73.25
341,2020-05-08,160.4199981689453,292.44000244140625,121.4000015258789,74.98999786376953
342,2020-05-11,159.4199981689453,292.5,120.9800033569336,73.9000015258789
343,2020-05-12,160.0399932861328,286.6700134277344,121.08999633789062,70.54000091552734
344,2020-05-13,161.5800018310547,281.6000061035156,121.19999694824219,68.83000183105469
345,2020-05-14,163.00999450683594,284.9700012207031,121.33999633789062,69.06999969482422
346,2020-05-15,163.92999267578125,286.2799987792969,121.55000305175781,68.80000305175781
347,2020-05-18,162.69000244140625,295.0,121.54000091552734,72.87000274658203
348,2020-05-19,164.25999450683594,291.9700012207031,121.4000015258789,71.88999938964844
349,2020-05-20,164.64999389648438,296.92999267578125,121.76000213623047,72.52999877929688
350,2020-05-21,162.25,294.8800048828125,121.62999725341797,72.58999633789062
351,2020-05-22,163.2100067138672,295.44000244140625,121.69999694824219,73.56999969482422
352,2020-05-26,160.88999938964844,299.0799865722656,121.25,76.31999969482422
353,2020-05-27,161.17999267578125,303.5299987792969,121.37000274658203,77.83999633789062
354,2020-05-28,161.72000122070312,302.9700012207031,121.75,78.20999908447266
355,2020-05-29,162.91000366210938,304.32000732421875,121.80000305175781,77.43000030517578
356,2020-06-01,163.66000366210938,305.54998779296875,121.94999694824219,79.22000122070312
357,2020-06-02,162.60000610351562,308.0799865722656,121.68000030517578,79.86000061035156
358,2020-06-03,159.60000610351562,312.17999267578125,121.27999877929688,82.41999816894531
359,2020-06-04,161.27999877929688,311.3599853515625,120.81999969482422,81.5999984741211
360,2020-06-05,158.00999450683594,319.3399963378906,120.80999755859375,84.69000244140625
361,2020-06-08,159.72000122070312,323.20001220703125,121.06999969482422,86.79000091552734
362,2020-06-09,161.25999450683594,320.7900085449219,121.19000244140625,85.3499984741211
363,2020-06-10,163.57000732421875,319.0,122.12000274658203,83.18000030517578
364,2020-06-11,162.38999938964844,300.6099853515625,122.16000366210938,77.83999633789062
365,2020-06-12,162.6199951171875,304.2099914550781,121.83000183105469,80.62999725341797
366,2020-06-15,162.3300018310547,307.04998779296875,121.87999725341797,81.7699966430664
367,2020-06-16,162.25,312.9599914550781,121.81999969482422,83.37999725341797
368,2020-06-17,162.55999755859375,311.6600036621094,121.73999786376953,82.16999816894531
369,2020-06-18,162.24000549316406,311.7799987792969,122.29000091552734,81.2699966430664
370,2020-06-19,164.02999877929688,308.6400146484375,122.52999877929688,80.08999633789062
371,2020-06-22,165.08999633789062,310.6199951171875,122.83999633789062,80.01000213623047
372,2020-06-23,166.47999572753906,312.04998779296875,122.91000366210938,79.68000030517578
373,2020-06-24,165.89999389648438,304.0899963378906,122.73999786376953,77.41000366210938
374,2020-06-25,165.8000030517578,307.3500061035156,122.8499984741211,77.62999725341797
375,2020-06-26,166.5399932861328,300.04998779296875,123.05999755859375,76.13999938964844
376,2020-06-29,166.6300048828125,304.4599914550781,123.19999694824219,77.61000061035156
377,2020-06-30,167.3699951171875,308.3599853515625,123.0,78.52999877929688
378,2020-07-01,166.6199951171875,310.5199890136719,123.08000183105469,80.33999633789062
379,2020-07-02,166.97999572753906,312.2300109863281,123.41999816894531,80.11000061035156
380,2020-07-06,167.97999572753906,317.04998779296875,123.66000366210938,80.06999969482422
381,2020-07-07,169.0399932861328,313.7799987792969,123.69000244140625,78.4800033569336
382,2020-07-08,170.08999633789062,316.17999267578125,123.47000122070312,78.37000274658203
383,2020-07-09,169.6300048828125,314.3800048828125,123.79000091552734,77.87999725341797
384,2020-07-10,169.19000244140625,317.5899963378906,123.66000366210938,78.12000274658203
385,2020-07-13,169.39999389648438,314.8399963378906,123.93000030517578,77.19000244140625
386,2020-07-14,170.19000244140625,318.9200134277344,123.94999694824219,77.83999633789062
387,2020-07-15,170.33999633789062,321.8500061035156,123.87999725341797,78.5999984741211
388,2020-07-16,168.72999572753906,320.7900085449219,124.12999725341797,77.66000366210938
389,2020-07-17,170.1199951171875,321.7200012207031,124.36000061035156,78.66999816894531
390,2020-07-20,170.94000244140625,324.32000732421875,124.52999877929688,77.7300033569336
391,2020-07-21,173.0,325.010009765625,124.80999755859375,77.91999816894531
392,2020-07-22,175.6300048828125,326.8599853515625,124.80999755859375,79.11000061035156
393,2020-07-23,177.17999267578125,322.9599914550781,124.87000274658203,78.77999877929688
394,2020-07-24,178.6999969482422,320.8800048828125,124.83999633789062,78.19999694824219
395,2020-07-27,182.22999572753906,323.2200012207031,124.83999633789062,78.94000244140625
396,2020-07-28,183.75,321.1700134277344,125.06999969482422,80.51000213623047
397,2020-07-29,185.1300048828125,325.1199951171875,125.36000061035156,82.06999969482422
398,2020-07-30,183.75999450683594,323.9599914550781,125.48999786376953,81.54000091552734
399,2020-07-31,185.42999267578125,326.5199890136719,125.86000061035156,81.38999938964844
400,2020-08-03,185.63999938964844,328.7900085449219,126.02999877929688,80.30999755859375
401,2020-08-04,189.58999633789062,330.05999755859375,126.30999755859375,81.51000213623047
402,2020-08-05,191.35000610351562,332.1099853515625,126.37000274658203,81.0999984741211
403,2020-08-06,193.88999938964844,334.3299865722656,126.51000213623047,81.2300033569336
404,2020-08-07,190.80999755859375,334.57000732421875,126.16999816894531,82.38999938964844
405,2020-08-10,190.14999389648438,335.57000732421875,126.0199966430664,82.5199966430664
406,2020-08-11,179.94000244140625,332.79998779296875,125.73999786376953,81.33000183105469
407,2020-08-12,179.10000610351562,337.44000244140625,125.81999969482422,82.1500015258789
408,2020-08-13,183.3300018310547,336.8299865722656,125.5,81.13999938964844
409,2020-08-14,182.5399932861328,336.8399963378906,125.29000091552734,81.1500015258789
410,2020-08-17,186.5,337.9100036621094,125.55999755859375,81.80999755859375
411,2020-08-18,188.17999267578125,338.6400146484375,126.12000274658203,81.41999816894531
412,2020-08-19,182.24000549316406,337.2300109863281,125.73999786376953,79.98999786376953
413,2020-08-20,183.5,338.2799987792969,125.62000274658203,80.75
414,2020-08-21,182.02999877929688,339.4800109863281,126.05000305175781,80.87999725341797
415,2020-08-24,181.0,342.9200134277344,126.30000305175781,81.4000015258789
416,2020-08-25,181.22000122070312,344.1199951171875,126.26000213623047,81.61000061035156
417,2020-08-26,183.36000061035156,347.57000732421875,126.51000213623047,80.86000061035156
418,2020-08-27,181.24000549316406,348.3299865722656,126.01000213623047,82.05000305175781
419,2020-08-28,184.38999938964844,350.5799865722656,126.41000366210938,82.58999633789062
420,2020-08-31,184.8300018310547,349.30999755859375,126.9800033569336,81.75
421,2020-09-01,185.0500030517578,352.6000061035156,127.05000305175781,81.80999755859375
422,2020-09-02,182.6199951171875,357.70001220703125,127.0999984741211,83.33000183105469
423,2020-09-03,181.13999938964844,345.3900146484375,126.66000366210938,82.33000183105469
424,2020-09-04,181.63999938964844,342.57000732421875,126.2699966430664,81.9000015258789
425,2020-09-08,181.2899932861328,333.2099914550781,126.38999938964844,80.9000015258789
426,2020-09-09,183.0500030517578,339.7900085449219,126.45999908447266,81.69999694824219
427,2020-09-10,182.4600067138672,333.8900146484375,126.56999969482422,80.69999694824219
428,2020-09-11,182.4499969482422,334.05999755859375,126.5,80.25
429,2020-09-14,183.88999938964844,338.4599914550781,126.41999816894531,82.20999908447266
430,2020-09-15,183.4499969482422,340.1700134277344,126.51000213623047,83.19999694824219
431,2020-09-16,183.97000122070312,338.82000732421875,126.51000213623047,83.63999938964844
432,2020-09-17,182.9600067138672,335.8399963378906,126.58000183105469,82.01000213623047
433,2020-09-18,183.1999969482422,330.6499938964844,126.47000122070312,80.16000366210938
434,2020-09-21,179.52000427246094,326.9700012207031,126.23999786376953,77.75
435,2020-09-22,178.64999389648438,330.29998779296875,126.27999877929688,78.68000030517578
436,2020-09-23,174.7899932861328,322.6400146484375,126.1500015258789,76.30999755859375
437,2020-09-24,175.44000244140625,323.5,126.23999786376953,76.72000122070312
438,2020-09-25,174.94000244140625,328.7300109863281,126.41000366210938,77.69999694824219
439,2020-09-28,176.6999969482422,334.19000244140625,126.66999816894531,79.29000091552734
440,2020-09-29,178.19000244140625,332.3699951171875,126.87999725341797,78.72000122070312
441,2020-09-30,177.1199951171875,334.8900146484375,126.5,78.95999908447266
442,2020-10-01,178.6999969482422,337.0400085449219,126.05999755859375,80.54000091552734
443,2020-10-02,178.5399932861328,333.8399963378906,126.08000183105469,81.93000030517578
444,2020-10-05,179.41000366210938,339.760009765625,125.69999694824219,82.4000015258789
445,2020-10-06,177.3000030517578,334.92999267578125,125.72000122070312,81.86000061035156
446,2020-10-07,177.22000122070312,340.760009765625,125.70999908447266,81.9800033569336
447,2020-10-08,177.85000610351562,343.7799987792969,126.20999908447266,83.3499984741211
448,2020-10-09,181.0800018310547,346.8500061035156,126.25,83.0199966430664
449,2020-10-12,180.55999755859375,352.42999267578125,126.33000183105469,83.41000366210938
450,2020-10-13,177.72000122070312,350.1300048828125,126.33000183105469,81.9800033569336
451,2020-10-14,178.27000427246094,347.92999267578125,126.33000183105469,80.9800033569336
452,2020-10-15,178.9199981689453,347.5,126.29000091552734,81.4000015258789
453,2020-10-16,178.3000030517578,347.2900085449219,126.33999633789062,80.81999969482422
454,2020-10-19,178.38999938964844,342.010009765625,126.04000091552734,79.55999755859375
455,2020-10-20,179.25,343.3800048828125,125.93000030517578,80.12999725341797
456,2020-10-21,180.60000610351562,342.7300109863281,125.88999938964844,79.88999938964844
457,2020-10-22,178.8300018310547,344.6099853515625,125.69999694824219,79.87999725341797
458,2020-10-23,178.63999938964844,345.7799987792969,125.8499984741211,80.36000061035156
459,2020-10-26,178.5500030517578,339.3900146484375,125.94999694824219,79.20999908447266
460,2020-10-27,179.02000427246094,338.2200012207031,126.19999694824219,77.94000244140625
461,2020-10-28,176.1300048828125,326.6600036621094,126.04000091552734,76.08000183105469
462,2020-10-29,175.39999389648438,329.9800109863281,125.61000061035156,77.0999984741211
463,2020-10-30,176.1999969482422,326.5400085449219,125.2300033569336,76.58999633789062
464,2020-11-02,177.91000366210938,330.20001220703125,125.37000274658203,78.41999816894531
465,2020-11-03,178.9199981689453,336.0299987792969,125.2699966430664,79.93000030517578
466,2020-11-04,178.82000732421875,343.5400085449219,125.4800033569336,80.06999969482422
467,2020-11-05,182.92999267578125,350.239990234375,125.58000183105469,80.44999694824219
468,2020-11-06,183.19000244140625,350.1600036621094,125.01000213623047,79.9000015258789
469,2020-11-09,175.0800018310547,354.55999755859375,124.6500015258789,82.7300033569336
470,2020-11-10,175.66000366210938,354.0400085449219,124.7699966430664,83.94000244140625
471,2020-11-11,174.89999389648438,356.6700134277344,124.98999786376953,84.26000213623047
472,2020-11-12,175.9600067138672,353.2099914550781,125.33999633789062,83.16000366210938
473,2020-11-13,177.16000366210938,358.1000061035156,125.33000183105469,85.37999725341797
474,2020-11-16,177.14999389648438,362.57000732421875,125.16000366210938,86.33999633789062
475,2020-11-17,176.5,360.6199951171875,125.37000274658203,86.41999816894531
476,2020-11-18,175.49000549316406,356.2799987792969,125.41000366210938,84.73999786376953
477,2020-11-19,175.16000366210938,357.7799987792969,125.54000091552734,85.06999969482422
478,2020-11-20,175.69000244140625,355.3299865722656,125.81999969482422,84.61000061035156
479,2020-11-23,172.22999572753906,357.4599914550781,125.72000122070312,84.7699966430664
480,2020-11-24,169.58999633789062,363.2200012207031,125.76000213623047,85.22000122070312
481,2020-11-25,169.50999450683594,362.6600036621094,125.97000122070312,85.2699966430664
482,2020-11-27,167.7899932861328,363.6700134277344,126.27999877929688,84.88999938964844
483,2020-11-30,166.6699981689453,362.05999755859375,126.41999816894531,84.0
484,2020-12-01,170.17999267578125,366.0199890136719,126.0,85.08000183105469
485,2020-12-02,171.4600067138672,366.7900085449219,126.08999633789062,84.41000366210938
486,2020-12-03,172.80999755859375,366.69000244140625,126.44000244140625,85.12000274658203
487,2020-12-04,172.32000732421875,369.8500061035156,126.16999816894531,86.41999816894531
488,2020-12-07,174.88999938964844,369.0899963378906,126.5,85.66999816894531
489,2020-12-08,175.5,370.1700134277344,126.70999908447266,85.37000274658203
490,2020-12-09,172.5,366.8500061035156,126.55000305175781,84.83999633789062
491,2020-12-10,172.1699981689453,366.7300109863281,126.83999633789062,84.47000122070312
492,2020-12-11,172.49000549316406,366.29998779296875,126.83000183105469,84.38999938964844
493,2020-12-14,171.5399932861328,364.6600036621094,126.83000183105469,84.0199966430664
494,2020-12-15,173.94000244140625,369.5899963378906,127.05999755859375,85.73999786376953
495,2020-12-16,174.89999389648438,370.1700134277344,127.05000305175781,85.83999633789062
496,2020-12-17,176.74000549316406,372.239990234375,127.0999984741211,86.66999816894531
497,2020-12-18,176.44000244140625,369.17999267578125,127.04000091552734,84.93000030517578
498,2020-12-21,175.8800048828125,367.8599853515625,127.0199966430664,84.44999694824219
499,2020-12-22,174.49000549316406,367.239990234375,127.13999938964844,85.04000091552734
500,2020-12-23,175.64999389648438,367.57000732421875,127.19999694824219,84.48999786376953
501,2020-12-24,176.35000610351562,369.0,127.25,83.87999725341797
502,2020-12-28,175.7100067138672,372.1700134277344,127.33999633789062,84.37999725341797
503,2020-12-29,176.35000610351562,371.4599914550781,127.27999877929688,83.66000366210938
504,2020-12-30,177.6999969482422,371.989990234375,127.37999725341797,84.12000274658203
505,2020-12-31,178.36000061035156,373.8800048828125,127.6500015258789,84.93000030517578
506,2021-01-04,182.3300018310547,368.7900085449219,127.79000091552734,82.16999816894531
507,2021-01-05,182.8699951171875,371.3299865722656,127.75,82.29000091552734
508,2021-01-06,179.89999389648438,373.54998779296875,127.37000274658203,82.43000030517578
509,2021-01-07,179.47999572753906,379.1000061035156,127.29000091552734,82.2699966430664
510,2021-01-08,173.33999633789062,381.260009765625,126.79000091552734,83.06999969482422
511,2021-01-11,173.0,378.69000244140625,126.5199966430664,81.97000122070312
512,2021-01-12,174.1199951171875,378.7699890136719,126.69000244140625,82.16000366210938
513,2021-01-13,173.3699951171875,379.7900085449219,126.97000122070312,83.16000366210938
514,2021-01-14,173.27999877929688,378.4599914550781,127.02999877929688,83.6500015258789
515,2021-01-15,171.1300048828125,375.70001220703125,127.16999816894531,84.61000061035156
516,2021-01-19,172.5800018310547,378.6499938964844,127.47000122070312,84.37000274658203
517,2021-01-20,175.38999938964844,383.8900146484375,127.66000366210938,85.9800033569336
518,2021-01-21,175.27999877929688,384.239990234375,127.97000122070312,85.56999969482422
519,2021-01-22,173.89999389648438,382.8800048828125,127.7699966430664,85.7699966430664
520,2021-01-25,174.0500030517578,384.3900146484375,128.10000610351562,86.41999816894531
521,2021-01-26,173.6199951171875,383.7900085449219,127.91000366210938,87.02999877929688
522,2021-01-27,172.52000427246094,374.4100036621094,127.87000274658203,85.48999786376953
523,2021-01-28,172.67999267578125,377.6300048828125,128.1199951171875,85.94999694824219
524,2021-01-29,172.61000061035156,370.07000732421875,127.98999786376953,84.95999908447266
525,2021-02-01,174.22999572753906,376.2300109863281,127.70999908447266,86.9000015258789
526,2021-02-02,172.11000061035156,381.54998779296875,127.9000015258789,87.41999816894531
527,2021-02-03,171.85000610351562,381.8500061035156,127.83000183105469,87.19999694824219
528,2021-02-04,168.14999389648438,386.19000244140625,127.73999786376953,87.80000305175781
529,2021-02-05,169.80999755859375,387.7099914550781,127.70999908447266,88.11000061035156
530,2021-02-08,171.52000427246094,390.510009765625,127.83000183105469,88.58999633789062
531,2021-02-09,172.0800018310547,390.25,127.9000015258789,88.9000015258789
532,2021-02-10,172.7100067138672,390.0799865722656,128.00999450683594,89.37999725341797
533,2021-02-11,171.2100067138672,390.7099914550781,127.86000061035156,89.56999969482422
534,2021-02-12,170.69000244140625,392.6400146484375,127.6500015258789,89.58999633789062
535,2021-02-16,168.24000549316406,392.29998779296875,127.02999877929688,88.9000015258789
536,2021-02-17,166.3300018310547,392.3900146484375,126.9800033569336,88.79000091552734
537,2021-02-18,166.32000732421875,390.7200012207031,126.44999694824219,88.41000366210938
538,2021-02-19,167.00999450683594,390.0299987792969,125.91000366210938,88.91999816894531
539,2021-02-22,169.50999450683594,387.0299987792969,125.9000015258789,89.66000366210938
540,2021-02-23,169.1199951171875,387.5,125.93000030517578,90.22000122070312
541,2021-02-24,169.0,391.7699890136719,125.83000183105469,90.91000366210938
542,2021-02-25,165.82000732421875,382.3299865722656,124.29000091552734,89.16999816894531
543,2021-02-26,161.80999755859375,380.3599853515625,125.83000183105469,87.87000274658203
544,2021-03-01,161.52999877929688,389.5799865722656,125.41000366210938,88.26000213623047
545,2021-03-02,162.41000366210938,386.5400085449219,125.91999816894531,87.41000366210938
546,2021-03-03,160.6199951171875,381.4200134277344,125.5999984741211,86.91000366210938
547,2021-03-04,159.0399932861328,376.70001220703125,125.12000274658203,85.91999816894531
548,2021-03-05,159.13999938964844,383.6300048828125,125.25,86.86000061035156
549,2021-03-08,157.49000549316406,381.7200012207031,124.55999755859375,87.61000061035156
550,2021-03-09,160.83999633789062,387.1700134277344,125.33999633789062,88.19000244140625
551,2021-03-10,161.66000366210938,389.5799865722656,125.91000366210938,89.06999969482422
552,2021-03-11,161.52000427246094,393.5299987792969,126.0199966430664,90.11000061035156
553,2021-03-12,161.49000549316406,394.05999755859375,125.02999877929688,91.62000274658203
554,2021-03-15,162.1999969482422,396.4100036621094,125.4000015258789,92.9800033569336
555,2021-03-16,162.35000610351562,395.9100036621094,125.66000366210938,92.5999984741211
556,2021-03-17,163.50999450683594,397.260009765625,125.55000305175781,92.68000030517578
557,2021-03-18,162.55999755859375,391.4800109863281,124.66000366210938,91.73999786376953
558,2021-03-19,163.24000549316406,389.4800109863281,124.9000015258789,90.48999786376953
559,2021-03-22,163.0,392.5899963378906,125.5,91.12999725341797
560,2021-03-23,161.80999755859375,389.5,125.76000213623047,91.0
561,2021-03-24,162.3699951171875,387.5199890136719,126.08999633789062,90.48999786376953
562,2021-03-25,161.77999877929688,389.70001220703125,126.0,90.87999725341797
563,2021-03-26,162.24000549316406,395.9800109863281,126.02999877929688,92.83999633789062
564,2021-03-29,160.30999755859375,395.7799987792969,125.69000244140625,92.30000305175781
565,2021-03-30,157.57000732421875,394.7300109863281,125.47000122070312,92.41999816894531
566,2021-03-31,159.9600067138672,396.3299865722656,125.5,91.86000061035156
567,2021-04-01,161.97999572753906,400.6099853515625,125.55999755859375,93.52999877929688
568,2021-04-05,161.9199981689453,406.3599853515625,125.19999694824219,93.88999938964844
569,2021-04-06,163.22000122070312,406.1199951171875,125.2699966430664,94.12999725341797
570,2021-04-07,162.75999450683594,406.5899963378906,125.3499984741211,94.19999694824219
571,2021-04-08,164.50999450683594,408.5199890136719,125.62999725341797,93.8499984741211
572,2021-04-09,163.27000427246094,411.489990234375,125.36000061035156,93.73999786376953
573,2021-04-12,162.27999877929688,411.6400146484375,125.37999725341797,94.29000091552734
574,2021-04-13,163.42999267578125,412.8599853515625,125.83999633789062,94.76000213623047
575,2021-04-14,162.72000122070312,411.45001220703125,125.83999633789062,94.26000213623047
576,2021-04-15,165.35000610351562,415.8699951171875,126.5199966430664,95.91000366210938
577,2021-04-16,166.35000610351562,417.260009765625,126.4800033569336,96.12000274658203
578,2021-04-19,165.88999938964844,415.2099914550781,126.26000213623047,96.30999755859375
579,2021-04-20,166.47999572753906,412.1700134277344,126.33999633789062,97.0999984741211
580,2021-04-21,168.1300048828125,416.07000732421875,126.45999908447266,97.73999786376953
581,2021-04-22,167.0399932861328,412.2699890136719,126.61000061035156,97.20999908447266
582,2021-04-23,166.39999389648438,416.739990234375,126.66999816894531,97.77999877929688
583,2021-04-26,166.83999633789062,417.6099853515625,126.73999786376953,98.06999969482422
584,2021-04-27,166.4199981689453,417.5199890136719,126.7300033569336,98.05999755859375
585,2021-04-28,166.91000366210938,417.3999938964844,127.12999725341797,97.8499984741211
586,2021-04-29,166.22000122070312,420.05999755859375,127.06999969482422,98.69000244140625
587,2021-04-30,165.66000366210938,417.29998779296875,126.98999786376953,99.08000183105469
588,2021-05-03,167.80999755859375,418.20001220703125,126.79000091552734,98.88999938964844
589,2021-05-04,166.5800018310547,415.6199951171875,127.08000183105469,98.25
590,2021-05-05,167.27000427246094,415.75,127.6500015258789,96.62000274658203
591,2021-05-06,170.05999755859375,419.07000732421875,127.5,97.16000366210938
592,2021-05-07,171.58999633789062,422.1199951171875,127.7699966430664,98.44000244140625
593,2021-05-10,172.11000061035156,417.94000244140625,127.83000183105469,98.41000366210938
594,2021-05-11,172.13999938964844,414.2099914550781,127.48999786376953,97.16999816894531
595,2021-05-12,170.42999267578125,405.4100036621094,127.2699966430664,94.70999908447266
596,2021-05-13,171.1300048828125,410.2799987792969,127.30000305175781,95.94000244140625
597,2021-05-14,172.69000244140625,416.5799865722656,127.75,97.08000183105469
598,2021-05-17,174.6999969482422,415.5199890136719,128.0,97.18000030517578
599,2021-05-18,175.0399932861328,411.94000244140625,127.80999755859375,97.19999694824219
600,2021-05-19,175.16000366210938,410.8599853515625,126.94000244140625,96.88999938964844
601,2021-05-20,175.9600067138672,415.2799987792969,127.08999633789062,97.9800033569336
602,2021-05-21,176.0399932861328,414.94000244140625,127.31999969482422,97.87999725341797
603,2021-05-24,176.35000610351562,419.1700134277344,127.62999725341797,99.0999984741211
604,2021-05-25,177.9499969482422,418.239990234375,127.98999786376953,99.06999969482422
605,2021-05-26,177.63999938964844,419.07000732421875,127.69999694824219,99.51000213623047
606,2021-05-27,177.7100067138672,419.2900085449219,127.69000244140625,99.27999877929688
607,2021-05-28,178.3800048828125,420.0400085449219,127.7699966430664,99.87999725341797
608,2021-06-01,177.89999389648438,419.6700134277344,127.45999908447266,101.68000030517578
609,2021-06-02,178.77000427246094,420.3299865722656,127.30000305175781,102.87000274658203
610,2021-06-03,175.27000427246094,418.7699890136719,126.87000274658203,102.48999786376953
611,2021-06-04,177.16000366210938,422.6000061035156,127.4800033569336,102.54000091552734
612,2021-06-07,177.8699951171875,422.19000244140625,127.19999694824219,103.75
613,2021-06-08,177.32000732421875,422.2799987792969,127.33000183105469,104.61000061035156
614,2021-06-09,176.97999572753906,421.6499938964844,127.33999633789062,104.75
615,2021-06-10,177.74000549316406,423.6099853515625,128.0,105.5
616,2021-06-11,175.74000549316406,424.30999755859375,127.66999816894531,105.08000183105469
617,2021-06-14,174.7100067138672,425.260009765625,127.5999984741211,105.48999786376953
618,2021-06-15,174.0500030517578,424.4800109863281,127.80999755859375,104.36000061035156
619,2021-06-16,171.11000061035156,422.1099853515625,126.6500015258789,103.68000030517578
620,2021-06-17,165.85000610351562,421.9700012207031,127.12999725341797,103.55000305175781
621,2021-06-18,164.92999267578125,414.9200134277344,127.18000030517578,101.79000091552734
622,2021-06-21,166.9499969482422,420.8599853515625,126.95999908447266,103.88999938964844
623,2021-06-22,166.25,423.1099853515625,127.66000366210938,103.3499984741211
624,2021-06-23,166.13999938964844,422.6000061035156,127.69000244140625,103.16999816894531
625,2021-06-24,166.0399932861328,425.1000061035156,127.44999694824219,102.22000122070312
626,2021-06-25,166.58999633789062,426.6099853515625,127.58000183105469,102.91000366210938
627,2021-06-28,166.5800018310547,427.4700012207031,127.7699966430664,102.61000061035156
628,2021-06-29,164.8300018310547,427.70001220703125,127.83999633789062,102.33000183105469
629,2021-06-30,165.6300048828125,428.05999755859375,128.00999450683594,101.79000091552734
630,2021-07-01,166.1999969482422,430.42999267578125,127.30000305175781,102.2300033569336
631,2021-07-02,167.2899932861328,433.7200012207031,127.83999633789062,102.54000091552734
632,2021-07-06,168.1199951171875,432.92999267578125,128.1699981689453,103.29000091552734
633,2021-07-07,168.75999450683594,434.4599914550781,128.0800018310547,103.6500015258789
634,2021-07-08,168.64999389648438,430.9200134277344,127.91000366210938,103.36000061035156
635,2021-07-09,169.2100067138672,435.5199890136719,127.93000030517578,105.05999755859375
636,2021-07-12,169.0,437.0799865722656,128.27000427246094,105.95999908447266
637,2021-07-13,169.22000122070312,435.5899963378906,128.27000427246094,104.4800033569336
638,2021-07-14,171.0399932861328,436.239990234375,128.61000061035156,105.20999908447266
639,2021-07-15,171.07000732421875,434.75,129.0,105.37999725341797
640,2021-07-16,169.41000366210938,431.3399963378906,129.0,105.30999755859375
641,2021-07-19,169.61000061035156,424.9700012207031,129.0500030517578,103.38999938964844
642,2021-07-20,169.38999938964844,431.05999755859375,129.02999877929688,105.83000183105469
643,2021-07-21,168.75999450683594,434.54998779296875,128.6999969482422,105.81999969482422
644,2021-07-22,169.08999633789062,435.4599914550781,129.05999755859375,104.9800033569336
645,2021-07-23,168.55999755859375,439.94000244140625,129.63999938964844,105.8499984741211
646,2021-07-26,168.16000366210938,441.0199890136719,130.1999969482422,105.9000015258789
647,2021-07-27,168.44000244140625,439.010009765625,130.1699981689453,106.5
648,2021-07-28,169.2899932861328,438.8299865722656,130.61000061035156,106.12999725341797
649,2021-07-29,171.1699981689453,440.6499938964844,130.3800048828125,106.1500015258789
650,2021-07-30,169.82000732421875,438.510009765625,130.5800018310547,106.29000091552734
651,2021-08-02,169.61000061035156,437.5899963378906,129.85000610351562,106.05999755859375
652,2021-08-03,169.49000549316406,441.1499938964844,129.97000122070312,106.19000244140625
653,2021-08-04,169.52999877929688,438.9800109863281,129.72000122070312,105.86000061035156
654,2021-08-05,168.86000061035156,441.760009765625,129.25999450683594,107.0999984741211
655,2021-08-06,164.63999938964844,442.489990234375,128.97000122070312,106.91000366210938
656,2021-08-09,161.72000122070312,442.1300048828125,128.74000549316406,106.33999633789062
657,2021-08-10,161.77000427246094,442.67999267578125,128.86000061035156,105.33000183105469
658,2021-08-11,164.0,443.7799987792969,129.07000732421875,105.94999694824219
659,2021-08-12,164.0399932861328,445.1099853515625,128.97000122070312,106.18000030517578
660,2021-08-13,166.38999938964844,445.9200134277344,129.3000030517578,106.76000213623047
661,2021-08-16,167.22000122070312,446.9700012207031,129.42999267578125,106.62999725341797
662,2021-08-17,166.97000122070312,444.0400085449219,129.0800018310547,106.5199966430664
663,2021-08-18,167.10000610351562,439.17999267578125,129.10000610351562,105.55000305175781
664,2021-08-19,166.61000061035156,439.8599853515625,129.14999389648438,106.05999755859375
665,2021-08-20,166.6999969482422,443.3599853515625,128.75,106.58999633789062
666,2021-08-23,168.72999572753906,447.260009765625,129.0500030517578,106.38999938964844
667,2021-08-24,168.64999389648438,447.9700012207031,129.0500030517578,105.91999816894531
668,2021-08-25,167.47999572753906,448.9100036621094,129.0,105.8499984741211
669,2021-08-26,167.6699981689453,446.260009765625,129.02000427246094,105.88999938964844
670,2021-08-27,170.19000244140625,450.25,129.99000549316406,107.0
671,2021-08-30,169.35000610351562,452.2300109863281,129.97000122070312,108.06999969482422
672,2021-08-31,169.69000244140625,451.55999755859375,129.58999633789062,108.58000183105469
673,2021-09-01,169.6999969482422,451.79998779296875,128.75,110.31999969482422
674,2021-09-02,169.25,453.19000244140625,128.8000030517578,110.9000015258789
675,2021-09-03,171.05999755859375,453.0799865722656,128.6199951171875,110.91999816894531
676,2021-09-07,167.7100067138672,451.4599914550781,128.3000030517578,109.66999816894531
677,2021-09-08,167.2899932861328,450.9100036621094,128.82000732421875,110.22000122070312
678,2021-09-09,168.02999877929688,448.9800109863281,129.5,107.9800033569336
679,2021-09-10,167.17999267578125,445.44000244140625,129.13999938964844,106.4000015258789
680,2021-09-13,167.74000549316406,446.5799865722656,129.13999938964844,107.12000274658203
681,2021-09-14,168.82000732421875,444.1700134277344,129.2100067138672,106.93000030517578
682,2021-09-15,167.8300018310547,447.8800048828125,129.27999877929688,107.2699966430664
683,2021-09-16,164.02999877929688,447.1700134277344,129.07000732421875,107.36000061035156
684,2021-09-17,163.77000427246094,441.3999938964844,128.6999969482422,106.4000015258789
685,2021-09-20,164.94000244140625,434.0400085449219,128.82000732421875,105.75
686,2021-09-21,166.0399932861328,433.6300048828125,128.72999572753906,105.80000305175781
687,2021-09-22,165.4199981689453,437.8599853515625,128.60000610351562,106.83000183105469
688,2021-09-23,163.50999450683594,443.17999267578125,128.13999938964844,106.62000274658203
689,2021-09-24,163.3000030517578,443.9100036621094,127.81999969482422,104.83000183105469
690,2021-09-27,163.63999938964844,442.6400146484375,127.87999725341797,103.41999816894531
691,2021-09-28,162.0500030517578,433.7200012207031,127.5999984741211,102.72000122070312
692,2021-09-29,161.32000732421875,434.45001220703125,127.66999816894531,103.48999786376953
693,2021-09-30,164.22000122070312,429.1400146484375,127.69000244140625,101.77999877929688
694,2021-10-01,164.58999633789062,434.239990234375,127.80999755859375,103.22000122070312
695,2021-10-04,165.36000061035156,428.6400146484375,127.80000305175781,103.23999786376953
696,2021-10-05,164.58999633789062,433.1000061035156,127.93000030517578,102.52999877929688
697,2021-10-06,165.02999877929688,434.8999938964844,127.86000061035156,103.51000213623047
698,2021-10-07,164.16000366210938,438.6600036621094,127.75,103.79000091552734
699,2021-10-08,164.22999572753906,437.8599853515625,127.77999877929688,102.80999755859375
700,2021-10-11,163.9199981689453,434.69000244140625,127.69999694824219,103.06999969482422
701,2021-10-12,164.66000366210938,433.6199951171875,127.94000244140625,104.41999816894531
702,2021-10-13,167.58999633789062,435.17999267578125,128.52000427246094,105.18000030517578
703,2021-10-14,168.0,442.5,128.77000427246094,106.45999908447266
704,2021-10-15,165.3300018310547,445.8699951171875,128.55999755859375,106.37999725341797
705,2021-10-18,164.9199981689453,447.19000244140625,128.2899932861328,106.6500015258789
706,2021-10-19,165.4499969482422,450.6400146484375,127.9800033569336,106.69999694824219
707,2021-10-20,166.89999389648438,452.4100036621094,128.2100067138672,108.37999725341797
708,2021-10-21,166.75,453.5899963378906,128.5,108.52999877929688
709,2021-10-22,167.77000427246094,453.1199951171875,128.75999450683594,109.04000091552734
710,2021-10-25,168.92999267578125,455.54998779296875,129.07000732421875,109.38999938964844
711,2021-10-26,167.67999267578125,455.9599914550781,129.52000427246094,109.69000244140625
712,2021-10-27,168.1199951171875,453.94000244140625,130.1300048828125,108.76000213623047
713,2021-10-28,168.0800018310547,458.32000732421875,129.0,110.27999877929688
714,2021-10-29,166.64999389648438,459.25,128.6699981689453,109.04000091552734
715,2021-11-01,167.52000427246094,460.0400085449219,128.0399932861328,109.58000183105469
716,2021-11-02,167.16000366210938,461.8999938964844,128.5500030517578,110.0999984741211
717,2021-11-03,165.77000427246094,464.7200012207031,128.3699951171875,110.47000122070312
718,2021-11-04,167.64999389648438,466.9100036621094,129.22000122070312,109.41999816894531
719,2021-11-05,169.83999633789062,468.5299987792969,129.6699981689453,109.9800033569336
720,2021-11-08,170.4499969482422,468.92999267578125,130.10000610351562,109.88999938964844
721,2021-11-09,171.2899932861328,467.3800048828125,130.86000061035156,110.08000183105469
722,2021-11-10,173.14999389648438,463.6199951171875,130.4600067138672,109.56999969482422
723,2021-11-11,174.1199951171875,463.7699890136719,130.44000244140625,109.75
724,2021-11-12,174.4499969482422,467.2699890136719,130.4199981689453,109.66999816894531
725,2021-11-15,174.17999267578125,467.42999267578125,130.44000244140625,110.44000244140625
726,2021-11-16,172.9199981689453,469.2799987792969,130.25,109.70999908447266
727,2021-11-17,174.5,468.1400146484375,130.50999450683594,110.05000305175781
728,2021-11-18,173.94000244140625,469.7300109863281,130.58999633789062,110.06999969482422
729,2021-11-19,172.61000061035156,468.8900146484375,130.35000610351562,109.41999816894531
730,2021-11-22,168.74000549316406,467.57000732421875,129.3000030517578,108.87999725341797
731,2021-11-23,167.27999877929688,468.19000244140625,128.8000030517578,109.76000213623047
732,2021-11-24,167.1199951171875,469.44000244140625,129.1999969482422,111.08999633789062
733,2021-11-26,166.85000610351562,458.9700012207031,129.83999633789062,108.0
734,2021-11-29,166.6199951171875,464.6000061035156,129.5399932861328,108.80000305175781
735,2021-11-30,165.5,455.55999755859375,129.66000366210938,106.73999786376953
736,2021-12-01,166.16000366210938,450.5,129.07000732421875,104.9800033569336
737,2021-12-02,165.24000549316406,457.3999938964844,129.4499969482422,108.12999725341797
738,2021-12-03,166.6300048828125,453.4200134277344,129.72000122070312,107.7699966430664
739,2021-12-06,166.22000122070312,458.7900085449219,129.1300048828125,109.66000366210938
740,2021-12-07,166.80999755859375,468.2799987792969,129.33999633789062,111.23999786376953
741,2021-12-08,166.89999389648438,469.5199890136719,129.1199951171875,112.04000091552734
742,2021-12-09,165.8800048828125,466.3500061035156,128.58999633789062,110.41999816894531
743,2021-12-10,166.5800018310547,470.739990234375,128.5800018310547,110.76000213623047
744,2021-12-13,167.0,466.57000732421875,128.7100067138672,111.80000305175781
745,2021-12-14,165.44000244140625,463.3599853515625,128.3000030517578,110.37000274658203
746,2021-12-15,166.14999389648438,470.6000061035156,128.41000366210938,111.91999816894531
747,2021-12-16,168.16000366210938,466.45001220703125,127.88999938964844,111.87999725341797
748,2021-12-17,167.8000030517578,459.8699951171875,127.9000015258789,111.73999786376953
749,2021-12-20,167.08999633789062,454.9800109863281,127.83000183105469,110.87000274658203
750,2021-12-21,167.02000427246094,463.05999755859375,128.11000061035156,112.12000274658203
751,2021-12-22,168.58999633789062,467.69000244140625,128.52000427246094,113.2699966430664
752,2021-12-23,168.97000122070312,470.6000061035156,128.22999572753906,113.1500015258789
753,2021-12-27,169.3699951171875,477.260009765625,128.66000366210938,114.0
754,2021-12-28,168.63999938964844,476.8699951171875,128.5800018310547,114.41999816894531
755,2021-12-29,168.58999633789062,477.4800109863281,128.69000244140625,115.19000244140625
756,2021-12-30,169.8000030517578,476.1600036621094,129.36000061035156,115.69000244140625
757,2021-12-31,170.9600067138672,474.9599914550781,129.1999969482422,116.01000213623047
